,accuracy,precision,recall,f1,auc,predictions,probabilities
Logistic Regression,0.4852941176470588,0.48444444444444446,0.4579831932773109,0.4708423326133909,0.4755490431466704,"[1 0 0 0 0 0 1 0 1 0 1 0 0 0 1 0 0 0 0 1 0 1 0 0 0 1 1 0 1 1 0 1 0 0 0 1 0
 0 1 1 0 0 1 1 1 1 1 0 0 0 1 1 0 0 0 0 0 0 0 0 1 1 0 1 0 0 0 0 1 0 0 1 0 0
 1 0 0 1 1 0 1 0 0 0 0 1 1 1 1 1 1 1 0 0 1 1 0 1 0 0 0 1 1 0 0 1 1 0 0 0 0
 1 0 0 0 1 1 1 0 1 0 1 1 0 0 1 1 0 0 0 1 0 1 0 0 0 0 1 0 1 1 0 1 0 1 0 0 0
 0 0 1 1 0 0 0 0 1 0 1 1 1 1 0 1 1 0 0 1 0 0 0 0 0 0 0 1 0 1 1 0 1 1 0 0 1
 1 0 0 0 1 1 1 1 1 0 0 0 1 0 1 1 1 1 1 0 0 0 0 0 0 0 0 1 0 0 1 1 0 0 1 1 1
 0 0 1 0 0 1 1 0 0 1 0 1 1 1 1 1 1 0 0 1 1 1 1 1 1 1 1 1 0 1 1 0 0 1 1 1 0
 1 1 1 0 0 0 0 1 0 1 1 1 0 1 1 0 0 1 0 1 0 1 0 0 1 0 1 0 0 1 0 0 1 1 0 0 1
 0 1 0 0 1 1 1 1 0 1 1 0 0 1 1 1 0 0 1 0 1 1 1 0 0 0 1 1 1 0 0 1 0 1 0 1 0
 0 0 1 1 1 1 1 1 0 0 1 0 1 1 1 1 0 1 0 0 1 0 0 1 0 1 0 0 1 1 0 0 0 0 0 1 0
 1 0 0 0 0 1 0 1 0 1 1 0 0 0 0 0 1 0 1 0 1 0 0 1 1 0 1 0 0 1 0 1 1 1 0 0 0
 0 1 1 1 0 0 1 0 0 1 0 1 0 1 1 0 1 0 1 1 0 1 1 0 0 0 1 1 1 1 0 0 1 1 0 0 0
 1 0 1 1 0 1 0 0 0 0 1 0 1 0 0 1 0 1 1 1 1 1 0 1 1 0 1 0 0 0 0 1]","[0.57068602 0.42392444 0.49173794 0.36913592 0.49593108 0.43666933
 0.50406294 0.45809416 0.55333646 0.48179531 0.54160966 0.44925495
 0.49290698 0.43487193 0.55683016 0.45381027 0.49067846 0.49288158
 0.41025297 0.57963758 0.45200177 0.51457473 0.46014617 0.49644539
 0.41153626 0.57386284 0.57701475 0.43977972 0.52830146 0.54477381
 0.44068602 0.62510254 0.44169267 0.48870701 0.4692817  0.61740973
 0.41037912 0.45986116 0.63204915 0.50124388 0.45443211 0.4041182
 0.60488165 0.52156039 0.55379358 0.50869079 0.55692395 0.45232322
 0.4716398  0.39521073 0.57149454 0.50078901 0.49905812 0.48968769
 0.47291945 0.49485457 0.49400139 0.34871858 0.49701373 0.41270762
 0.52768949 0.52687445 0.49117282 0.54410354 0.42047832 0.42303446
 0.46340569 0.40074129 0.60121832 0.37400234 0.4395689  0.59077681
 0.48923649 0.49283402 0.52553569 0.44296757 0.46345488 0.51288256
 0.50612913 0.48098821 0.53754568 0.38208196 0.41327129 0.38189184
 0.47114962 0.58640971 0.51681581 0.50403628 0.560363   0.52060198
 0.51956802 0.64973067 0.41911563 0.46818826 0.5213743  0.56609173
 0.44247887 0.52474837 0.48920565 0.40464733 0.46797274 0.61409848
 0.50339201 0.37972838 0.3764215  0.5118979  0.60032947 0.47164061
 0.38350848 0.4022041  0.45853795 0.58094363 0.46554193 0.42231503
 0.44332782 0.54319918 0.51423557 0.5831621  0.49619629 0.51473384
 0.47034373 0.52343659 0.5705676  0.4581837  0.48949269 0.55346016
 0.56562571 0.46246011 0.40833774 0.45145019 0.56027221 0.48587551
 0.54416318 0.48316105 0.45310435 0.44947267 0.44991951 0.55351224
 0.45749711 0.52212489 0.52179281 0.48243941 0.56480934 0.41998897
 0.60544723 0.4088476  0.43165014 0.49821567 0.49361614 0.39461974
 0.51329116 0.51857345 0.43510831 0.40927759 0.49691716 0.49778142
 0.53832004 0.4778766  0.52518607 0.53532469 0.54295218 0.54490694
 0.48881116 0.56670666 0.50949835 0.44445612 0.43552669 0.52246277
 0.49805285 0.43107871 0.49655304 0.45148877 0.44604787 0.38750618
 0.44794268 0.51670065 0.4792555  0.52927458 0.5314731  0.44343333
 0.51683825 0.54543507 0.44892361 0.4455426  0.52593391 0.58277653
 0.4712049  0.43919724 0.44277152 0.59610033 0.50652396 0.54465614
 0.5463872  0.60477765 0.45368491 0.48093255 0.36366258 0.56486671
 0.38214946 0.51290185 0.51623082 0.64377327 0.50113346 0.57487386
 0.48704    0.4497485  0.49974    0.47027338 0.41509076 0.40081466
 0.40876857 0.49252981 0.58559726 0.48320442 0.42469667 0.50996157
 0.53105069 0.45694581 0.47249976 0.51526521 0.59362903 0.56356484
 0.46203589 0.37397818 0.53860944 0.45346353 0.45802753 0.58731537
 0.53214131 0.44951696 0.454534   0.54611698 0.4897594  0.50422167
 0.51924165 0.52699169 0.57488352 0.59707134 0.50837391 0.45171597
 0.47757578 0.57125268 0.61029906 0.55812324 0.50867775 0.58406282
 0.53764293 0.52347879 0.59756794 0.50032486 0.49828782 0.5311651
 0.54986027 0.43811269 0.44127195 0.51092629 0.52527673 0.54621249
 0.43756257 0.51893004 0.57465258 0.5941212  0.3994942  0.42098719
 0.4991344  0.48954811 0.50807445 0.42570976 0.52484302 0.50119044
 0.58480673 0.38582714 0.52171445 0.54004188 0.45713933 0.48379561
 0.54293303 0.47964197 0.50106047 0.4949728  0.50460099 0.40107985
 0.40163739 0.57497696 0.45503828 0.51478297 0.42541671 0.43286575
 0.51681572 0.44137991 0.40045388 0.57602451 0.53849318 0.4352907
 0.45320678 0.55084317 0.41473299 0.54561945 0.48057639 0.47162437
 0.52360161 0.58219048 0.54011086 0.57946367 0.45278189 0.58443043
 0.52044305 0.49578189 0.45251304 0.57643735 0.53164799 0.54208449
 0.4832125  0.43404628 0.51936891 0.43896812 0.511012   0.50045394
 0.58315261 0.48978727 0.42473669 0.49748518 0.51726537 0.64315591
 0.51544828 0.49435923 0.40538518 0.54490969 0.46383817 0.61480066
 0.49087749 0.53695252 0.41158286 0.45221639 0.49858723 0.65442437
 0.61577062 0.61855726 0.55714126 0.54233104 0.53766451 0.49469898
 0.46258214 0.54837221 0.46184266 0.59056415 0.51355791 0.50367292
 0.51039638 0.46497275 0.52245386 0.45938361 0.44769253 0.58224218
 0.43942572 0.47832401 0.56136887 0.49167488 0.55060893 0.4587912
 0.4365302  0.587749   0.55070366 0.39310908 0.47702431 0.46591239
 0.42141831 0.45085356 0.50787962 0.48963557 0.5229852  0.48772119
 0.43336755 0.48469687 0.46857643 0.53976935 0.49943426 0.50770836
 0.45608047 0.66188977 0.54146255 0.46725865 0.45322938 0.49296705
 0.46249883 0.46555355 0.51093519 0.44652335 0.52322832 0.47466467
 0.55074456 0.44837692 0.48019261 0.60510909 0.50848776 0.45328931
 0.51706029 0.4415495  0.43052837 0.50876215 0.441537   0.50034835
 0.51486317 0.53669321 0.48224365 0.44659156 0.48629634 0.41815575
 0.51506163 0.55281553 0.53060427 0.40655388 0.48569457 0.60866292
 0.39490926 0.49688359 0.55575962 0.49594261 0.5244566  0.46855633
 0.55948359 0.50017724 0.41415902 0.54108125 0.44485343 0.5220273
 0.50016725 0.42022019 0.54704989 0.60769068 0.40806669 0.42610147
 0.41607707 0.60167931 0.54810744 0.53753022 0.61384868 0.42842197
 0.43444682 0.53427821 0.51872397 0.49998093 0.49391268 0.48407216
 0.55417363 0.39436129 0.53790815 0.51741424 0.47150385 0.51234321
 0.48969842 0.48904532 0.40466834 0.48911687 0.53399325 0.4145696
 0.514722   0.48234179 0.45452433 0.52553143 0.47967494 0.50197656
 0.50933672 0.50520051 0.62647312 0.54604713 0.48221292 0.50383839
 0.52841284 0.4712101  0.56660248 0.49675296 0.38717022 0.44647416
 0.43615552 0.56490313]"
Random Forest,0.4894957983193277,0.48945147679324896,0.48739495798319327,0.4884210526315789,0.48504695996045477,"[1 0 1 0 1 0 1 1 0 1 0 0 0 0 0 0 1 0 0 1 0 1 1 0 0 1 1 0 1 1 0 1 0 1 0 1 0
 1 1 1 0 0 1 1 1 1 1 0 0 0 1 0 1 1 1 0 0 0 0 0 0 1 0 1 0 1 0 1 0 0 0 0 0 0
 0 0 1 0 0 0 0 1 0 0 0 1 1 0 1 1 1 1 0 1 1 1 1 0 0 0 1 0 0 0 0 0 1 1 0 0 1
 1 0 0 0 1 0 1 1 0 1 0 1 1 1 0 0 0 1 1 1 0 1 0 0 1 1 0 0 0 0 1 0 1 1 0 1 1
 1 1 0 1 1 1 1 1 1 0 1 1 1 1 0 1 0 1 0 0 1 1 0 0 0 1 1 1 0 0 1 0 1 0 1 0 0
 1 1 1 1 1 0 0 0 1 1 0 0 1 1 0 0 1 0 1 0 0 1 0 1 0 0 0 1 0 0 0 0 1 0 0 1 1
 0 0 1 0 0 1 1 1 1 1 1 0 1 0 0 1 0 0 1 1 1 0 0 1 1 0 1 1 1 0 0 1 1 1 1 0 0
 0 1 1 0 1 1 0 0 1 0 0 0 0 0 0 0 0 1 0 1 1 1 0 0 1 1 1 1 0 1 1 0 1 1 0 0 1
 0 1 1 0 0 0 1 1 0 0 1 0 0 1 1 1 0 0 1 1 0 0 1 1 1 1 0 0 0 0 0 1 1 0 0 0 0
 0 0 1 1 1 0 1 0 1 0 0 1 1 0 0 1 1 1 0 1 1 0 0 0 1 1 1 1 0 0 0 0 1 0 0 0 0
 0 0 0 1 0 1 0 1 1 1 1 0 1 0 1 1 0 1 0 1 0 0 0 1 1 1 0 1 0 0 0 0 0 1 1 0 1
 1 0 0 1 0 1 1 0 0 1 0 0 0 0 0 1 0 0 1 1 0 1 1 1 1 0 1 0 0 1 1 1 1 0 0 0 1
 1 1 1 1 0 1 0 1 1 1 1 0 0 1 1 0 1 1 0 1 1 1 1 1 1 0 1 1 0 0 0 1]","[0.54 0.3  0.51 0.46 0.56 0.38 0.72 0.67 0.38 0.61 0.37 0.4  0.39 0.36
 0.49 0.47 0.53 0.4  0.43 0.68 0.43 0.58 0.52 0.38 0.21 0.71 0.63 0.37
 0.53 0.76 0.31 0.67 0.48 0.54 0.3  0.57 0.23 0.54 0.68 0.69 0.42 0.4
 0.62 0.61 0.52 0.58 0.55 0.31 0.37 0.39 0.55 0.41 0.56 0.56 0.65 0.31
 0.18 0.37 0.36 0.3  0.39 0.52 0.39 0.52 0.36 0.66 0.42 0.58 0.48 0.44
 0.44 0.31 0.49 0.42 0.42 0.34 0.6  0.43 0.42 0.48 0.4  0.54 0.44 0.15
 0.37 0.6  0.64 0.46 0.67 0.73 0.67 0.79 0.46 0.72 0.57 0.63 0.73 0.33
 0.37 0.39 0.57 0.39 0.49 0.48 0.31 0.49 0.63 0.53 0.5  0.31 0.57 0.68
 0.43 0.37 0.36 0.74 0.38 0.54 0.72 0.42 0.61 0.38 0.53 0.51 0.51 0.4
 0.4  0.38 0.52 0.67 0.65 0.42 0.58 0.39 0.4  0.62 0.58 0.44 0.34 0.34
 0.47 0.58 0.46 0.56 0.69 0.46 0.64 0.58 0.59 0.68 0.5  0.65 0.58 0.6
 0.64 0.6  0.67 0.21 0.64 0.59 0.71 0.63 0.44 0.53 0.42 0.57 0.44 0.4
 0.59 0.56 0.41 0.27 0.29 0.53 0.71 0.62 0.45 0.48 0.65 0.25 0.81 0.45
 0.55 0.48 0.5  0.66 0.54 0.52 0.57 0.59 0.49 0.45 0.5  0.58 0.62 0.39
 0.35 0.61 0.65 0.34 0.5  0.68 0.47 0.54 0.38 0.43 0.63 0.43 0.55 0.26
 0.23 0.49 0.63 0.35 0.45 0.4  0.33 0.61 0.23 0.35 0.68 0.57 0.33 0.44
 0.68 0.28 0.44 0.66 0.58 0.63 0.56 0.66 0.55 0.48 0.57 0.39 0.45 0.65
 0.47 0.5  0.77 0.56 0.69 0.34 0.37 0.54 0.51 0.45 0.62 0.6  0.7  0.43
 0.4  0.82 0.53 0.62 0.76 0.42 0.5  0.47 0.6  0.51 0.49 0.57 0.51 0.43
 0.41 0.71 0.5  0.42 0.49 0.41 0.28 0.36 0.39 0.48 0.74 0.41 0.6  0.53
 0.62 0.45 0.34 0.62 0.53 0.55 0.65 0.35 0.63 0.83 0.45 0.66 0.76 0.28
 0.5  0.52 0.39 0.6  0.61 0.42 0.39 0.31 0.7  0.69 0.33 0.4  0.52 0.47
 0.42 0.55 0.76 0.6  0.42 0.47 0.54 0.72 0.27 0.35 0.63 0.79 0.64 0.78
 0.48 0.46 0.38 0.36 0.46 0.55 0.54 0.5  0.48 0.42 0.4  0.37 0.49 0.64
 0.6  0.75 0.43 0.65 0.37 0.66 0.38 0.37 0.74 0.51 0.44 0.31 0.55 0.6
 0.65 0.46 0.61 0.55 0.47 0.45 0.49 0.51 0.82 0.62 0.53 0.39 0.49 0.33
 0.44 0.55 0.28 0.41 0.43 0.34 0.35 0.45 0.5  0.64 0.43 0.66 0.3  0.54
 0.74 0.7  0.59 0.4  0.56 0.42 0.59 0.71 0.46 0.59 0.46 0.66 0.39 0.29
 0.42 0.66 0.66 0.63 0.5  0.55 0.41 0.47 0.43 0.4  0.46 0.63 0.58 0.42
 0.59 0.63 0.3  0.36 0.58 0.37 0.68 0.52 0.39 0.41 0.66 0.43 0.39 0.37
 0.31 0.48 0.58 0.42 0.38 0.63 0.6  0.42 0.64 0.52 0.53 0.77 0.34 0.66
 0.44 0.35 0.7  0.51 0.62 0.53 0.44 0.45 0.31 0.52 0.74 0.55 0.6  0.59
 0.39 0.64 0.35 0.59 0.64 0.65 0.62 0.48 0.4  0.58 0.57 0.41 0.53 0.57
 0.38 0.51 0.61 0.6  0.73 0.63 0.65 0.49 0.69 0.75 0.4  0.39 0.49 0.51]"
Gradient Boosting,0.4684873949579832,0.4691358024691358,0.4789915966386555,0.47401247401247404,0.4633941812018926,"[1 0 1 0 1 0 1 1 0 0 1 0 0 0 1 1 1 0 0 1 1 1 0 0 0 1 1 0 1 1 0 1 1 0 0 0 0
 1 1 1 0 0 1 1 1 1 0 0 0 1 0 1 1 1 0 0 1 0 1 0 0 0 0 1 0 1 1 1 1 0 1 1 0 1
 1 0 1 1 0 1 0 1 0 0 0 1 1 1 1 1 0 1 0 1 1 1 1 1 1 0 0 0 1 1 0 0 1 0 0 0 0
 1 0 0 0 1 0 1 1 0 0 0 1 0 0 0 0 0 1 1 1 0 0 0 1 1 1 0 0 0 1 1 1 1 1 0 1 0
 1 1 0 1 0 0 0 0 1 0 1 1 1 1 0 1 0 0 1 0 1 1 0 0 0 1 1 0 0 0 1 0 1 1 1 0 1
 1 0 1 1 1 0 0 1 1 1 0 0 0 1 0 0 1 0 1 0 0 1 1 0 0 0 0 1 0 0 1 0 1 0 0 1 0
 0 0 0 0 0 1 1 1 1 0 0 1 1 0 0 1 1 1 1 0 1 1 1 0 0 1 1 1 1 1 0 1 0 0 1 1 1
 0 1 0 0 1 1 1 0 1 1 1 1 0 1 0 1 1 1 0 1 0 0 0 0 1 0 1 0 0 0 1 0 1 1 0 1 0
 0 0 1 0 0 1 0 1 0 0 0 0 0 1 1 0 0 1 0 0 0 1 1 1 0 1 1 1 0 0 0 0 1 0 1 0 0
 1 1 1 1 1 0 1 0 0 1 0 1 0 0 0 1 0 1 1 1 1 0 0 1 0 1 0 0 0 1 0 1 1 1 0 1 0
 0 0 1 1 0 1 1 1 1 1 1 1 1 1 1 0 0 1 1 0 0 1 0 1 1 1 0 1 1 0 0 0 0 1 1 0 0
 0 0 0 0 0 1 1 0 0 0 1 0 0 0 1 1 0 0 1 1 0 1 1 0 1 0 1 0 0 1 0 1 1 0 0 0 1
 1 1 1 1 0 0 0 1 0 1 1 0 0 1 1 1 1 1 0 1 1 1 0 1 1 0 1 1 0 0 0 1]","[0.62772055 0.26010713 0.52337914 0.41758497 0.53080744 0.45803578
 0.7246386  0.61991815 0.47554168 0.46038629 0.53283583 0.19861732
 0.49444563 0.33047352 0.52910159 0.51009353 0.53465476 0.48228827
 0.30279462 0.69114544 0.50172438 0.65129369 0.43939979 0.4504908
 0.43921692 0.70258894 0.59103017 0.443938   0.56350575 0.61273524
 0.34801301 0.61182357 0.51952649 0.45469374 0.3453041  0.4099393
 0.38733025 0.57534834 0.74684112 0.51346254 0.420986   0.40595823
 0.55838132 0.68508895 0.50359343 0.60349459 0.35733276 0.25573088
 0.47676192 0.5701375  0.49376188 0.50855882 0.5717558  0.59885176
 0.45914725 0.39609579 0.50049719 0.43749365 0.50304163 0.36695257
 0.46054834 0.41761082 0.48207268 0.57138431 0.46733137 0.51066276
 0.50448154 0.576178   0.63025102 0.47947383 0.54385119 0.65628956
 0.4983606  0.51365356 0.5560576  0.32229702 0.54455642 0.53774565
 0.45966887 0.58132668 0.41592194 0.50079093 0.40289635 0.32271272
 0.45189672 0.77034389 0.55739132 0.51563407 0.61091939 0.59890689
 0.31124163 0.65408633 0.38187777 0.53263998 0.54241273 0.60282862
 0.51854102 0.50264059 0.56140864 0.27298394 0.47586375 0.39465106
 0.58212241 0.54831352 0.35637114 0.43640607 0.52853026 0.38490914
 0.49983146 0.37045274 0.48572672 0.57159114 0.45483963 0.33809087
 0.39131694 0.57916953 0.45110483 0.53777586 0.51314337 0.4913682
 0.39245034 0.49993458 0.51230543 0.38390756 0.30365326 0.46378333
 0.45206961 0.3786687  0.62799115 0.61397909 0.66430186 0.30630236
 0.41413756 0.44471089 0.52358677 0.58667863 0.74980961 0.38020631
 0.42295531 0.43594435 0.5115219  0.52729729 0.52948536 0.60636184
 0.55880954 0.35633232 0.58938047 0.49320696 0.54557711 0.6185657
 0.40544538 0.595591   0.45354298 0.48170101 0.4364186  0.48237323
 0.55035297 0.17276342 0.72828739 0.59579133 0.60024739 0.62597962
 0.37265057 0.50587087 0.49397919 0.4113775  0.51252021 0.42233646
 0.55770047 0.50329576 0.48185912 0.41563731 0.39582831 0.50930006
 0.58325365 0.48926029 0.48480034 0.32339377 0.52054749 0.46055891
 0.60682328 0.51537746 0.54901002 0.47001188 0.54243196 0.80218674
 0.47132056 0.66709883 0.50720609 0.60959465 0.49890339 0.49244539
 0.53429202 0.60848175 0.51252021 0.49153857 0.18222534 0.4727681
 0.6253625  0.45738951 0.47066307 0.8609567  0.43847605 0.54257747
 0.28446877 0.41133837 0.57583477 0.55863728 0.4731027  0.36689413
 0.39227023 0.43847838 0.64512542 0.34866388 0.38483113 0.55759207
 0.39366323 0.56813017 0.39508778 0.38698899 0.66595931 0.43899698
 0.34672618 0.37889068 0.49629583 0.40282318 0.31452355 0.73296127
 0.61266058 0.6448862  0.60784675 0.47041439 0.47795351 0.66581701
 0.50834505 0.33948962 0.46732843 0.63459652 0.51335547 0.52920957
 0.75355345 0.49248066 0.68544881 0.53514412 0.53779124 0.49098892
 0.25357732 0.50344994 0.63995261 0.57955142 0.56094972 0.57015572
 0.48476593 0.59462388 0.41179928 0.495168   0.51818127 0.50375995
 0.65822728 0.44329386 0.52117046 0.44646171 0.46901962 0.52822391
 0.51354534 0.53980627 0.40100475 0.59184549 0.51224663 0.50556843
 0.52117046 0.49268599 0.58984684 0.43676051 0.68521793 0.52011609
 0.63936247 0.37851054 0.67685117 0.46859883 0.49483656 0.37654666
 0.49331433 0.55096423 0.3945298  0.61112969 0.47732263 0.18310617
 0.4318951  0.81648587 0.31175647 0.57506879 0.54713487 0.4579633
 0.51648588 0.39407436 0.38005477 0.48492713 0.6611058  0.4387579
 0.46827807 0.59104084 0.49830236 0.71958654 0.25978673 0.45132059
 0.46362902 0.49169684 0.49580845 0.60260188 0.67305467 0.48022712
 0.38762662 0.53074217 0.36194023 0.46062387 0.37373839 0.5257215
 0.67917719 0.52063238 0.39798737 0.59615565 0.52961619 0.54800331
 0.40399583 0.39149617 0.34284144 0.44892029 0.5413844  0.47328685
 0.62740764 0.40465243 0.40999575 0.55927005 0.55759113 0.53247645
 0.61485888 0.54917737 0.35983431 0.57266315 0.4427127  0.47750381
 0.50101671 0.4867791  0.51907094 0.4796814  0.42104849 0.28437679
 0.52981462 0.48672313 0.63392114 0.53173198 0.6107034  0.55592893
 0.43672864 0.37546017 0.53324113 0.46972082 0.56852702 0.44744659
 0.35019604 0.45112225 0.60112168 0.36558053 0.57044721 0.51486259
 0.53846688 0.47010252 0.56904393 0.46032357 0.30510016 0.42035579
 0.5402833  0.64383052 0.39961269 0.57206997 0.50106242 0.64845375
 0.77517202 0.75988992 0.53696224 0.75397133 0.55446177 0.51838717
 0.51890914 0.4857556  0.4616378  0.59339767 0.50732683 0.42068793
 0.46021365 0.50203349 0.40508129 0.62008527 0.52797345 0.65064376
 0.25357732 0.50051292 0.53795883 0.48103282 0.43868194 0.47232221
 0.46925314 0.61072535 0.50528617 0.48810823 0.49804567 0.43047733
 0.39972931 0.4474914  0.4554045  0.37182547 0.5080589  0.51316336
 0.24255225 0.4594543  0.48581974 0.51986521 0.45352939 0.4788439
 0.3787575  0.55642265 0.509663   0.37348605 0.42929478 0.60584586
 0.59238079 0.46998549 0.59029312 0.60631903 0.38755525 0.65354446
 0.26815635 0.7319455  0.33610536 0.47543368 0.80797928 0.47725273
 0.63417731 0.67540131 0.47716507 0.49512122 0.4913682  0.54855232
 0.70450521 0.51199827 0.5023425  0.61118347 0.41321804 0.40805195
 0.43354627 0.55602694 0.32517791 0.5763629  0.64973636 0.41001875
 0.31127239 0.59172529 0.61418313 0.52130218 0.55024013 0.50375766
 0.4343615  0.5084581  0.5894511  0.51668757 0.49904771 0.52162612
 0.66438431 0.41519801 0.62047818 0.65424426 0.39165766 0.47728458
 0.44617867 0.53239462]"
